city_id,city_name,country,latitude,longitude,weather_date,temp,humidity,cloudiness,wind_speed
2171099,Codrington,AU,-38.2667,141.9667,11/15/21,            9.73,67,72,3.54
2075265,Busselton,AU,-33.65,115.3333,11/15/21,            15.6,94,84,2.65
3418910,Upernavik,GL,72.7868,-56.1549,11/15/21,            -17.51,71,14,3.04
1223738,Weligama,LK,5.9667,80.4167,11/15/21,            26,88,89,5.77
2074865,Carnarvon,AU,-24.8667,113.6333,11/15/21,            20.04,77,75,6.69
1805935,Jiazi,CN,22.8779,116.067,11/15/21,            19.28,78,57,6.03
3374210,São Filipe,CV,14.8961,-24.4956,11/15/21,            24.47,79,90,4.27
3874787,Punta Arenas,CL,-53.15,-70.9167,11/15/21,            10.06,37,89,10.37
3404558,Cabedelo,BR,-6.9811,-34.8339,11/15/21,            30.37,67,91,5.48
1259385,Port Blair,IN,11.6667,92.75,11/15/21,            26.67,84,71,3.68
933995,Souillac,MU,-20.5167,57.5167,11/15/21,            24.09,69,22,3.59
2070998,Geraldton,AU,-28.7667,114.6,11/15/21,            16.23,88,90,2.06
4032243,Vaini,TO,-21.2,-175.2,11/15/21,            24.09,83,20,3.09
2037078,Hailar,CN,49.2,119.7,11/15/21,            -5.12,76,27,3.23
4020109,Atuona,PF,-9.8,-139.0333,11/15/21,            25.53,75,25,4.9
2122090,Pevek,RU,69.7008,170.3133,11/15/21,            -7.77,88,99,3.3
2097418,Finschhafen,PG,-6.6024,147.8681,11/15/21,            26.51,80,100,3.05
2180815,Tuatapere,NZ,-46.1333,167.6833,11/15/21,            5.49,95,94,3.27
1489246,Troitsk,RU,54.0979,61.5773,11/15/21,            -12.64,93,100,1.83
1786110,Yuancheng,CN,36.652,107.7896,11/15/21,            2.95,43,0,1.38
3833367,Ushuaia,AR,-54.8,-68.3,11/15/21,            7.79,65,75,13.38
1283217,Khanbari,NP,27.3747,87.2039,11/15/21,            13.24,80,22,1.37
1185148,Patiya,BD,22.2931,91.9762,11/15/21,            22,95,54,1.56
2184707,Wanaka,NZ,-44.7,169.15,11/15/21,            6.46,95,95,3.09
281133,Gaza,PS,31.5,34.4667,11/15/21,            22.17,51,3,2.01
2738381,Lata,PT,40.1629,-8.3327,11/15/21,            13.92,69,0,2.02
3424941,Miquelon,PM,47.0975,-56.3814,11/15/21,            8.02,75,100,5.25
1015776,Bredasdorp,ZA,-34.5322,20.0403,11/15/21,            17.38,78,98,5.18
779622,Havøysund,NO,70.9963,24.6622,11/15/21,            6.13,87,59,12.79
2618795,Klaksvík,FO,62.2266,-6.589,11/15/21,            9.51,93,100,17.93
1513491,Yangi Marg`ilon,UZ,40.4272,71.7189,11/15/21,            4.68,81,1,1.03
5106841,Albany,US,42.6001,-73.9662,11/15/21,            7.02,68,92,1.34
3366880,Hermanus,ZA,-34.4187,19.2345,11/15/21,            18.83,86,91,4.28
1895695,Kushima,JP,31.4583,131.2333,11/15/21,            12.78,78,5,2.42
1633034,Palu,ID,-0.8917,119.8707,11/15/21,            24.15,95,100,1.27
5145607,Alliance,US,40.9153,-81.1059,11/15/21,            4.68,76,53,6.44
2208248,Kaitangata,NZ,-46.2817,169.8464,11/15/21,            7.8,94,89,3.21
3430863,Mar del Plata,AR,-38.0023,-57.5575,11/15/21,            22.01,87,40,9.83
3369157,Cape Town,ZA,-33.9258,18.4232,11/15/21,            20.71,57,79,4.9
5855927,Hilo,US,19.7297,-155.09,11/15/21,            23.78,95,90,2.06
2064735,Nhulunbuy,AU,-12.2333,136.7667,11/15/21,            25.34,73,100,3.09
6201424,Mataura,NZ,-46.1927,168.8643,11/15/21,            5.75,99,96,1.34
6170031,Tuktoyaktuk,CA,69.4541,-133.0374,11/15/21,            -11.25,94,100,4
5380437,Pacific Grove,US,36.6177,-121.9166,11/15/21,            22.56,70,1,0.89
1337613,Kulhudhuffushi,MV,6.6221,73.07,11/15/21,            26.92,82,95,7.74
3571913,Marsh Harbour,BS,26.5412,-77.0636,11/15/21,            23.98,60,100,6.52
964432,Port Alfred,ZA,-33.5906,26.891,11/15/21,            19.7,83,94,5.61
3137469,Sørland,NO,67.667,12.6934,11/15/21,            7.92,79,89,10.43
4030556,Rikitea,PF,-23.1203,-134.9692,11/15/21,            23.64,81,98,6.37
934322,Mahébourg,MU,-20.4081,57.7,11/15/21,            24.03,67,22,3.45
546105,Nikolskoye,RU,59.7035,30.7861,11/15/21,            0.49,68,99,4.03
2234359,Bertoua,CM,4.5833,13.6833,11/15/21,            23.83,75,54,1.65
1636022,Martapura,ID,-3.4167,114.85,11/15/21,            23.14,96,99,0.31
1106677,Bambous Virieux,MU,-20.3428,57.7575,11/15/21,            24.01,67,21,3.2
3361934,Saldanha,ZA,-33.0117,17.9442,11/15/21,            17.35,89,99,6.86
3372707,Ribeira Grande,PT,38.5167,-28.7,11/15/21,            21.22,78,20,12.35
3175096,Laas,IT,46.6166,10.7002,11/15/21,            7.23,90,97,0.71
5880054,Barrow,US,71.2906,-156.7887,11/15/21,            -12.99,72,90,7.72
1629974,Rantepao,ID,-2.9701,119.8978,11/15/21,            19.9,99,100,1.16
2121025,Srednekolymsk,RU,67.45,153.6833,11/15/21,            -12.98,96,100,2.22
1250161,Batticaloa,LK,7.7102,81.6924,11/15/21,            26.71,80,89,1.74
2110227,Butaritari,KI,3.0707,172.7902,11/15/21,            28.21,70,47,7.92
2163355,Hobart,AU,-42.8794,147.3294,11/15/21,            6.92,76,90,0.45
6167817,Torbay,CA,47.6666,-52.7314,11/15/21,            6.53,93,76,0.45
4787534,Sterling,US,39.0062,-77.4286,11/15/21,            11.14,53,75,0.89
3985710,Cabo San Lucas,MX,22.8909,-109.9124,11/15/21,            35.28,47,40,1.34
3454244,Pelotas,BR,-31.7719,-52.3425,11/15/21,            29.01,63,0,2.68
5546220,Saint George,US,37.1041,-113.5841,11/15/21,            25.19,38,1,1.54
6096551,Pangnirtung,CA,66.1451,-65.7125,11/15/21,            -17.54,76,68,1.96
2126710,Beringovskiy,RU,63.05,179.3167,11/15/21,            -1.75,81,100,6.76
3899539,Antofagasta,CL,-23.65,-70.4,11/15/21,            18.6,67,10,4.92
3466165,Cidreira,BR,-30.1811,-50.2056,11/15/21,            22.9,74,75,8.99
5282297,Bethel,US,41.3712,-73.414,11/15/21,            8.04,69,90,1.34
3466704,Castro,BR,-24.7911,-50.0119,11/15/21,            25.86,46,97,0.78
6165406,Thompson,CA,55.7435,-97.8558,11/15/21,            -2.91,93,90,1.54
3421719,Narsaq,GL,60.9167,-46.05,11/15/21,            -7.88,71,2,2.84
3443061,Chui,UY,-33.6971,-53.4616,11/15/21,            25.34,63,24,5.22
4004293,Ixtapa,MX,20.7,-105.2,11/15/21,            29.01,65,62,1.79
932987,Tsabong,BW,-26.0217,22.401,11/15/21,            32.87,10,0,4.7
2181625,Te Anau,NZ,-45.4167,167.7167,11/15/21,            6.66,92,97,3.66
3420846,Qaqortoq,GL,60.7167,-46.0333,11/15/21,            -7.72,55,0,10.23
485660,Tsimmerbude,RU,54.675,20.1347,11/15/21,            4.03,79,100,4.25
729730,Kyustendil,BG,42.2839,22.6911,11/15/21,            8.92,84,86,1.49
2121385,Severo-Kuril'sk,RU,50.6789,156.125,11/15/21,            2.16,61,52,9.07
4229476,Warner Robins,US,32.621,-83.5999,11/15/21,            19.09,31,20,3.6
2065594,Mount Isa,AU,-20.7333,139.5,11/15/21,            18.87,32,6,4.63
3489657,Lucea,JM,18.451,-78.1736,11/15/21,            29.92,69,39,6.8
5919815,Channel-Port aux Basques,CA,47.5702,-59.1367,11/15/21,            8.12,77,96,9
6355222,Yulara,AU,-25.2406,130.9889,11/15/21,            16.91,45,0,3.09
2126199,Cherskiy,RU,68.75,161.3,11/15/21,            -7.34,87,100,2.01
2022572,Khatanga,RU,71.9667,102.5,11/15/21,            -33.8,100,90,2.36
5848280,Kapaa,US,22.0752,-159.319,11/15/21,            22.84,59,75,0.45
5870133,Nome,US,64.5011,-165.4064,11/15/21,            -18.96,84,1,1.54
70979,Sayyan,YE,15.1718,44.3244,11/15/21,            13.52,40,0,1.2
1222396,Kuah,MY,6.3265,99.8432,11/15/21,            27.69,75,75,2.63
187896,Mandera,KE,3.9366,41.867,11/15/21,            30.15,47,78,6.09
1282256,Hithadhoo,MV,-0.6,73.0833,11/15/21,            28.05,74,56,5.45
3897774,Buin,CL,-33.7333,-70.75,11/15/21,            28.36,13,0,3.38
3691582,Talara,PE,-4.5772,-81.2719,11/15/21,            25.42,61,0,8.23
4946620,Palmer,US,42.1584,-72.3287,11/15/21,            8.92,54,75,0.89
3598132,San Raymundo,GT,14.7647,-90.5956,11/15/21,            24.05,73,82,3.2
2126123,Chokurdakh,RU,70.6333,147.9167,11/15/21,            -14.83,96,99,0.76
1863495,Gushikawa,JP,26.3544,127.8686,11/15/21,            19.57,80,1,2.57
2017155,Saskylakh,RU,71.9167,114.0833,11/15/21,            -32.45,100,36,2.35
5063646,Beatrice,US,40.2681,-96.747,11/15/21,            20.48,42,1,3.09
4501019,Camden,US,39.7835,-74.9663,11/15/21,            9.31,60,57,1.34
2315026,Kasongo-Lunda,CD,-6.4667,16.8167,11/15/21,            22.73,95,32,0.7
2017658,Preobrazheniye,RU,42.9019,133.9064,11/15/21,            0.01,59,1,3.63
2206939,Bluff,NZ,-46.6,168.3333,11/15/21,            8.62,89,98,5.82
2025325,Chkalovskoye,RU,44.8392,133.0436,11/15/21,            -4.07,83,15,2.21
2354265,Toma,BF,12.7667,-2.8833,11/15/21,            31.58,14,15,4.34
3843123,Neuquén,AR,-38.9516,-68.0591,11/15/21,            17.93,15,70,12.14
2155415,New Norfolk,AU,-42.7826,147.0587,11/15/21,            6.72,72,61,1.34
4845585,Westport,US,41.1415,-73.3579,11/15/21,            8.68,65,90,0.45
370737,Malakal,SS,9.5334,31.6605,11/15/21,            27.19,23,62,1.19
5122534,Jamestown,US,42.097,-79.2353,11/15/21,            3.94,91,90,2.24
3373652,Oistins,BB,13.0667,-59.5333,11/15/21,            31.05,62,40,11.32
4034188,Moerai,PF,-22.4333,-151.3333,11/15/21,            23.32,86,99,2.93
1179515,Duki,PK,30.1541,68.5728,11/15/21,            14.18,15,0,2.71
6137462,Saint-Augustin,CA,51.226,-58.6502,11/15/21,            2.79,98,100,7.33
7647007,Bariloche,AR,-41.1456,-71.3082,11/15/21,            9.86,50,40,8.75
107304,Buraidah,SA,26.326,43.975,11/15/21,            23.19,26,81,5.61
1696188,Palauig,PH,15.435,119.9045,11/15/21,            26.69,79,83,2.21
2016733,Shestakovo,RU,56.4915,103.96,11/15/21,            -6.47,99,72,1.58
2063036,Port Lincoln,AU,-34.7333,135.8667,11/15/21,            12.45,69,33,2.49
4031637,Lavrentiya,RU,65.5833,-171,11/15/21,            -9.97,89,83,3.69
1701054,Marawi,PH,7.9986,124.2928,11/15/21,            18.14,93,100,0.96
5983720,Iqaluit,CA,63.7506,-68.5145,11/15/21,            -16.28,77,12,5.36
1490256,Talnakh,RU,69.4865,88.3972,11/15/21,            -17.66,96,100,4.87
3573374,The Valley,AI,18.217,-63.0578,11/15/21,            31.08,58,20,7.72
2090021,Namatanai,PG,-3.6667,152.4333,11/15/21,            26.1,82,94,2.88
1337618,Manadhoo,MV,5.7667,73.3833,11/15/21,            27.41,80,90,8.32
4231997,Avera,US,33.194,-82.5271,11/15/21,            18.38,24,11,5.08
2744042,Zandvoort,NL,52.3749,4.5341,11/15/21,            6.69,90,90,2.57
3119631,Laguna de Duero,ES,41.5815,-4.7233,11/15/21,            11.11,71,90,3.09
2729907,Longyearbyen,SJ,78.2186,15.6401,11/15/21,            -8.09,67,40,13.38
2034400,Tongliao,CN,43.6125,122.2653,11/15/21,            -4.65,87,8,3
2332453,Lagos,NG,6.5833,3.75,11/15/21,            26.76,84,92,2.73
5815136,Washougal,US,45.5826,-122.3534,11/15/21,            17.8,76,1,2.57
6162951,Terrace Bay,CA,48.7834,-87.1,11/15/21,            -1.09,58,89,2.96
3372964,Lagoa,PT,39.05,-27.9833,11/15/21,            19.28,86,6,8.88
2123814,Leningradskiy,RU,69.3833,178.4167,11/15/21,            -9.86,95,100,3.42
3433715,Goya,AR,-29.14,-59.2626,11/15/21,            31,46,39,2.59
2138555,Poum,NC,-20.2333,164.0167,11/15/21,            25.94,79,16,3.07
2230599,Kaélé,CM,10.1092,14.4508,11/15/21,            31.37,22,63,0.91
6014443,Lac du Bonnet,CA,50.2536,-96.0612,11/15/21,            -1.46,77,62,3.52
3174050,Province of Mantua,IT,45.1667,10.7833,11/15/21,            14.29,84,95,0.89
2110560,Yamada,JP,39.4667,141.95,11/15/21,            6.53,72,56,2.06
1855612,Nara,JP,34.6851,135.8049,11/15/21,            12.6,75,28,0.81
2112309,Katsuura,JP,35.1333,140.3,11/15/21,            15.08,71,59,1.56
2136825,Isangel,VU,-19.55,169.2667,11/15/21,            24.35,79,4,3.33
3424607,Tasiilaq,GL,65.6145,-37.6368,11/15/21,            -0.91,66,94,4.45
4034551,Faanui,PF,-16.4833,-151.75,11/15/21,            25.67,73,95,2.2
5847411,Kahului,US,20.8947,-156.47,11/15/21,            26.58,83,20,0
1644932,Ende,ID,-8.8432,121.6623,11/15/21,            25.55,87,98,1.19
2189343,Kaeo,NZ,-35.1,173.7833,11/15/21,            15.74,95,11,3.33
3456137,Nova Olímpia,BR,-14.7972,-57.2881,11/15/21,            28.05,74,100,0.18
1082243,Ambilobe,MG,-13.2,49.05,11/15/21,            25.55,77,51,0.58
2304548,Anloga,GH,5.7947,0.8973,11/15/21,            28.39,75,96,5.15
1507390,Dikson,RU,73.5069,80.5464,11/15/21,            -22.53,95,92,1.79
4205152,Laurens,US,32.4502,-82.9165,11/15/21,            19.21,33,0,4.02
1803331,Linxia Chengguanzhen,CN,35.6003,103.2064,11/15/21,            1.51,47,93,0.45
3652764,Puerto Ayora,EC,-0.7393,-90.3518,11/15/21,            25.98,71,76,4.52
5110365,Broome,US,42.2506,-75.833,11/15/21,            5.9,75,90,1.79
1056899,Sambava,MG,-14.2667,50.1667,11/15/21,            24.81,84,11,3.14
1657818,Champasak,LA,14.75,106,11/15/21,            21.52,98,93,0.61
3374083,Bathsheba,BB,13.2167,-59.5167,11/15/21,            31.34,62,40,11.32
1037125,Montepuez,MZ,-13.1256,38.9997,11/15/21,            25.04,61,33,4.22
1061605,Manakara,MG,-22.1333,48.0167,11/15/21,            23.73,92,80,2.88
4033557,Tautira,PF,-17.7333,-149.15,11/15/21,            28.01,77,93,7.6
6111867,Port Hawkesbury,CA,45.6169,-61.3485,11/15/21,            9.77,94,90,2.24
3380290,Sinnamary,GF,5.3833,-52.95,11/15/21,            27.68,78,58,3.47
3577430,Road Town,VG,18.4167,-64.6167,11/15/21,            31.02,66,40,4.63
2125906,Dukat,RU,62.55,155.55,11/15/21,            -16.52,100,98,0.36
1488167,Ust'-Koksa,RU,50.2696,85.6108,11/15/21,            -8.4,96,99,1.5
964420,Port Elizabeth,ZA,-33.918,25.5701,11/15/21,            20.61,75,98,5.79
3445026,Vila Velha,BR,-20.3297,-40.2925,11/15/21,            24.97,69,75,0.45
3423146,Ilulissat,GL,69.2167,-51.1,11/15/21,            -11.99,72,75,1.54
1812427,Dongkan,CN,33.9997,119.8308,11/15/21,            12.14,60,100,1.06
1806840,Huilong,CN,31.8111,121.655,11/15/21,            15.58,61,75,1.89
5905393,Bonavista,CA,48.6499,-53.1147,11/15/21,            5.62,87,100,2.67
2123979,Kuril'sk,RU,45.2333,147.8833,11/15/21,            3.84,59,97,9.44
3471451,Arraial do Cabo,BR,-22.9661,-42.0278,11/15/21,            24.92,61,40,10.8
3422683,Kangaatsiaq,GL,68.3065,-53.4641,11/15/21,            -9.15,79,87,3.01
3421193,Paamiut,GL,61.994,-49.6678,11/15/21,            -12.04,76,0,4.1
3355672,Lüderitz,NA,-26.6481,15.1594,11/15/21,            19.22,72,2,5.65
2315417,Inongo,CD,-1.95,18.2667,11/15/21,            23.76,81,84,1.19
1150154,Thoen,TH,17.6129,99.2161,11/15/21,            22.04,99,42,0.47
1643920,Gombong,ID,-7.6072,109.5142,11/15/21,            25.06,87,100,0.3
3883457,Lebu,CL,-37.6167,-73.65,11/15/21,            13.65,52,22,6.23
2610806,Vágur,FO,61.4732,-6.8119,11/15/21,            8.98,91,100,18.48
3514843,Vega de Alatorre,MX,20.0333,-96.6333,11/15/21,            25.87,59,5,3.29
1633070,Palembang,ID,-2.9167,104.7458,11/15/21,            23.78,96,99,1.13
3372760,Praia da Vitória,PT,38.7333,-27.0667,11/15/21,            20.98,86,30,8.84
625721,Lyuban',BY,52.7985,28.0048,11/15/21,            -1.09,76,13,3.25
5367788,Lompoc,US,34.6391,-120.4579,11/15/21,            26.98,49,1,0
6050066,La Ronge,CA,55.1001,-105.2842,11/15/21,            -0.88,93,90,2.57
1735106,George Town,MY,5.4112,100.3354,11/15/21,            28.27,87,20,0
4031574,Provideniya,RU,64.3833,-173.3,11/15/21,            -9.37,91,58,5.38
3354077,Opuwo,NA,-18.0607,13.84,11/15/21,            26.94,37,88,5.15
2127202,Anadyr,RU,64.75,177.4833,11/15/21,            -8.38,93,100,3.11
1636308,Manokwari,ID,-0.8667,134.0833,11/15/21,            25.59,79,100,1.05
5557293,Sitka,US,57.0531,-135.33,11/15/21,            -0.06,86,20,1.54
3576994,Cockburn Town,TC,21.4612,-71.1419,11/15/21,            27.94,70,100,6.62
935215,Saint-Philippe,RE,-21.3585,55.7679,11/15/21,            23.77,79,48,5.09
509124,Plastunovskaya,RU,45.2939,39.2669,11/15/21,            5.4,64,15,6.53
5044290,Saint Anthony,US,45.0205,-93.218,11/15/21,            1.48,73,90,0.89
304919,Malatya Province,TR,38.5,38,11/15/21,            5.03,57,0,3.6
2450173,Taoudenni,ML,22.6783,-3.9836,11/15/21,            26.23,13,47,4.3
1637001,Biak,ID,-0.9131,122.8766,11/15/21,            24.6,85,98,0.06
2659853,Losone,CH,46.1687,8.7593,11/15/21,            12.32,100,90,0
2338660,Yaan,NG,7.3833,8.5667,11/15/21,            30,48,50,1.23
3831208,Qaanaaq,GL,77.484,-69.3632,11/15/21,            -17.62,68,100,4.76
610445,Balyqshy,KZ,47.0667,51.8667,11/15/21,            1,93,90,5
371745,Kutum,SD,14.2,24.6667,11/15/21,            23.33,15,0,3.6
2510485,Tías,ES,28.9611,-13.645,11/15/21,            19.86,68,20,5.14
4035715,Avarua,CK,-21.2078,-159.775,11/15/21,            24.03,78,20,2.57
3416888,Grindavik,IS,63.8424,-22.4338,11/15/21,            4.26,65,75,14.92
3491161,Bull Savanna,JM,17.8868,-77.5902,11/15/21,            28.47,62,87,2.96
2377450,Nouakchott,MR,18.0858,-15.9785,11/15/21,            26.71,54,93,6.01
556268,Ostrovnoy,RU,68.0531,39.5131,11/15/21,            -3.57,94,100,6.24
5484874,Portales,US,34.1862,-103.3344,11/15/21,            26.17,19,9,0.89
2129395,Kuroishi,JP,40.6389,140.5922,11/15/21,            7.65,73,93,1.55
5563839,Fortuna,US,40.5982,-124.1573,11/15/21,            14.19,92,20,0.45
2077895,Alice Springs,AU,-23.7,133.8833,11/15/21,            13.75,72,3,0
3414079,Olafsvik,IS,64.8945,-23.7142,11/15/21,            3.51,73,90,15.27
1529484,Kumul,CN,42.8,93.45,11/15/21,            1.74,44,95,1.73
2068110,Kununurra,AU,-15.7667,128.7333,11/15/21,            20.99,73,100,0.51
2294915,Takoradze,GH,4.8845,-1.7554,11/15/21,            27.1,81,94,4.47
3837702,San Fernando del Valle de Catamarca,AR,-28.4696,-65.7852,11/15/21,            35.99,37,0,0.89
4726521,San Patricio,US,28.017,-97.5169,11/15/21,            29.45,47,0,4.7
608270,Shubarshi,KZ,48.5872,57.1869,11/15/21,            -1.48,97,100,1.52
2027740,Amurzet,RU,47.6967,131.0981,11/15/21,            -7.61,88,68,2.49
4791259,Virginia Beach,US,36.8529,-75.978,11/15/21,            12.81,42,32,1.34
3430545,Morón,AR,-34.6534,-58.6198,11/15/21,            30.57,53,1,3.38
2122104,Petropavlovsk-Kamchatskiy,RU,53.0452,158.6483,11/15/21,            -1.67,100,75,3
777019,Vardø,NO,70.3705,31.1107,11/15/21,            0.86,93,75,2.57
6185377,Yellowknife,CA,62.456,-114.3525,11/15/21,            -9.77,95,75,2.06
696943,Pidhorodne,UA,48.5753,35.1068,11/15/21,            0.6,59,7,4.38
933778,Francistown,BW,-21.17,27.5079,11/15/21,            30.35,28,20,7.23
2171465,Clarence Town,AU,-32.5833,151.7833,11/15/21,            13.25,75,0,1.68
3421765,Nanortalik,GL,60.1432,-45.2371,11/15/21,            -4.97,57,0,19.81
2120591,Tilichiki,RU,60.4667,166.1,11/15/21,            -5.48,96,100,2.36
648855,Lapua,FI,62.9693,23.0088,11/15/21,            4.5,86,100,4.89
1242110,Kalmunai,LK,7.4167,81.8167,11/15/21,            26.53,81,84,0.42
2013639,Verkhnevilyuysk,RU,63.4453,120.3167,11/15/21,            -24.18,100,94,0.95
2342628,Fiditi,NG,7.7136,3.9172,11/15/21,            27.39,61,48,1.23
2179103,Whitianga,NZ,-36.8333,175.7,11/15/21,            16.68,83,12,3.55
928534,Kasungu,MW,-13.0333,33.4833,11/15/21,            24.52,50,86,2.45
2084442,Vanimo,PG,-2.6741,141.3028,11/15/21,            24.3,90,100,1.8
3359638,Walvis Bay,NA,-22.9575,14.5053,11/15/21,            18.53,77,40,3.6
2214827,Mizdah,LY,31.4451,12.9801,11/15/21,            17.81,27,39,2.61
1819729,Hong Kong,HK,22.2855,114.1577,11/15/21,            21.99,79,52,1.79
2312895,Mbandaka,CD,0.0487,18.2603,11/15/21,            23.53,92,100,1.22
2260401,Djambala,CG,-2.5447,14.7533,11/15/21,            20.82,90,58,0.6
2037485,Erenhot,CN,43.6475,111.9767,11/15/21,            -5.39,80,3,2.8
500047,Ryazhsk,RU,53.7038,40.1109,11/15/21,            -1.9,84,33,3.66
5866583,Saint Paul Harbor,US,57.79,-152.4072,11/15/21,            -11.27,92,1,3.6
3407762,Amapá,BR,1,-52,11/15/21,            31.1,52,99,1.91
286621,Salalah,OM,17.0151,54.0924,11/15/21,            26.05,61,0,1.54
986717,Kruisfontein,ZA,-34.0033,24.7314,11/15/21,            18.82,67,99,5.21
307864,Kilis,TR,36.7161,37.115,11/15/21,            9.13,47,87,0.97
6620339,Karratha,AU,-20.7377,116.8463,11/15/21,            25.75,50,25,4.91
3939470,Huancavelica,PE,-12.7667,-74.9833,11/15/21,            11.42,54,96,2.66
2255564,Ouésso,CG,1.6136,16.0517,11/15/21,            23.39,90,100,1.53
3661980,Tarauacá,BR,-8.1614,-70.7656,11/15/21,            31.94,54,88,1.83
2510573,Teguise,ES,29.0605,-13.564,11/15/21,            19.12,68,20,5.14
2455290,Kidal,ML,18.4411,1.4078,11/15/21,            29.22,18,57,4.72
5012495,Traverse City,US,44.7631,-85.6206,11/15/21,            5.59,82,90,5.66
2112802,Hasaki,JP,35.7333,140.8333,11/15/21,            11.27,54,47,3.54
3126369,Carballo,ES,43.213,-8.691,11/15/21,            13.92,89,85,5.24
2029156,Sühbaatar,MN,50.2314,106.2078,11/15/21,            -3.47,55,73,0.78
2467980,Goubellat,TN,36.5418,9.6633,11/15/21,            18.12,44,23,4.28
2476660,Tigzirt,DZ,36.8886,4.1198,11/15/21,            13.11,86,60,9.85
3377301,Mabaruma,GY,8.2,-59.7833,11/15/21,            28.62,71,14,2.73
933692,Kang,BW,-23.6752,22.7876,11/15/21,            30.86,20,59,2.73
2015701,Taksimo,RU,56.3444,114.8794,11/15/21,            -13.66,89,79,0.41
2152659,Port Macquarie,AU,-31.4333,152.9167,11/15/21,            9.98,63,0,4.79
3465228,Coxim,BR,-18.5067,-54.76,11/15/21,            25.44,88,100,0.97
286987,Nizwá,OM,22.9333,57.5333,11/15/21,            23.31,32,11,2.63
1485904,Yermakovskoye,RU,53.2831,92.4003,11/15/21,            -1.1,94,100,1.42
2514651,Los Llanos de Aridane,ES,28.6585,-17.9182,11/15/21,            19.86,72,75,3.13
94787,Kirkuk,IQ,35.4681,44.3922,11/15/21,            17.77,31,100,1.78
1649150,Bengkulu,ID,-3.8004,102.2655,11/15/21,            24.77,84,100,1.42
3448903,São João da Barra,BR,-21.6403,-41.0511,11/15/21,            25.05,69,80,6.99
4509177,Columbus,US,39.9612,-82.9988,11/15/21,            6.29,67,90,3.58
3435910,Buenos Aires,AR,-34.6132,-58.3772,11/15/21,            30.57,53,6,4.39
1252795,Yanam,IN,16.7333,82.2167,11/15/21,            25.14,93,71,2.48
1078553,Ampanihy,MG,-24.7,44.75,11/15/21,            21.1,74,8,5.7
3412093,Vestmannaeyjar,IS,63.4427,-20.2734,11/15/21,            5.55,75,40,11.32
3984997,San Quintín,MX,30.4833,-115.95,11/15/21,            25.21,34,0,2.8
1518139,Tobol,KZ,52.6844,62.5794,11/15/21,            -14.55,97,100,1.35
4149635,Callaway,US,30.153,-85.5699,11/15/21,            22.21,45,1,1.34
3440777,Rocha,UY,-34.4833,-54.3333,11/15/21,            24.59,74,68,4.61
1785623,Kunshan,CN,31.3776,120.9543,11/15/21,            15.55,56,67,1.67
2016307,Solnechnyy,RU,50.7214,136.6319,11/15/21,            -13.14,94,64,1.12
3393471,Oriximiná,BR,-1.7656,-55.8661,11/15/21,            31.1,57,95,1.24
1638352,Lasem,ID,-6.6922,111.4527,11/15/21,            24.24,93,100,1.71
610298,Beyneu,KZ,45.3167,55.2,11/15/21,            2.39,67,100,2.91
4047434,Russell,US,32.3502,-85.1999,11/15/21,            18.6,27,1,0
2651245,Strathpeffer,GB,57.588,-4.5382,11/15/21,            10.39,92,100,2.04
5861897,Fairbanks,US,64.8378,-147.7164,11/15/21,            -17.65,73,90,0
3584003,Puerto El Triunfo,SV,13.2833,-88.55,11/15/21,            34.09,52,48,1.48
2159220,Mackay,AU,-21.15,149.2,11/15/21,            21.14,72,0,2.31
1623197,Tual,ID,-5.6667,132.75,11/15/21,            27.24,78,100,1.09
2392087,Porto-Novo,BJ,6.4965,2.6036,11/15/21,            28.9,76,99,3.47
1489656,Teya,RU,60.3778,92.6267,11/15/21,            -8.54,96,99,0.86
3945985,Camaná,PE,-16.6228,-72.7111,11/15/21,            20.32,74,91,4.31
2176639,Batemans Bay,AU,-35.7167,150.1833,11/15/21,            9.39,79,11,2.22
2454955,Kolokani,ML,13.5728,-8.0339,11/15/21,            30.81,17,29,3.19
486848,Sudislavl',RU,57.8817,41.7083,11/15/21,            -4.93,91,85,1.97
53654,Mogadishu,SO,2.0371,45.3438,11/15/21,            26.7,78,63,5.13
6148373,Sioux Lookout,CA,50.1001,-91.917,11/15/21,            -1.79,68,90,1.54
2610343,Vestmanna,FO,62.1564,-7.1664,11/15/21,            8.51,93,90,13.38
884927,Mutoko,ZW,-17.397,32.2268,11/15/21,            22,58,90,4.95
5942798,Drumheller,CA,51.4617,-112.7101,11/15/21,            2.26,96,100,4.8
2374583,Bubaque,GW,11.2833,-15.8333,11/15/21,            28.99,57,60,3.68
3452900,Porto Belo,BR,-27.1578,-48.5531,11/15/21,            26.46,71,84,5.82
3924679,Vilhena,BR,-12.7406,-60.1458,11/15/21,            23.12,94,40,2.06
515879,Oktyabr'skiy,RU,54.4815,53.471,11/15/21,            -13.92,99,77,1.3
1122464,Taywarah,AF,33.35,64.4167,11/15/21,            0.59,26,8,0.53
1855540,Naze,JP,28.3667,129.4833,11/15/21,            17.5,60,11,3.55
643492,Oulu,FI,65.0124,25.4682,11/15/21,            4.06,86,20,2.24
4019219,Agua Verde,MX,22.9,-106.05,11/15/21,            31.05,42,23,1.18
2206894,Hokitika,NZ,-42.7167,170.9667,11/15/21,            12.01,78,100,9.32
2138592,Pouembout,NC,-21.1333,164.9,11/15/21,            24.17,87,77,1.25
1264976,Leh,IN,34.1667,77.5833,11/15/21,            -8.29,61,0,1.21
523662,Nadvoitsy,RU,63.8667,34.3167,11/15/21,            0.87,79,100,8.61
2094027,Kieta,PG,-6.2167,155.6333,11/15/21,            26.15,84,100,1.54
1045114,Inhambane,MZ,-23.865,35.3833,11/15/21,            23.78,80,47,4.25
6145951,Shellbrook,CA,53.2168,-106.4011,11/15/21,            -2.43,92,99,1.13
3146487,Raudeberg,NO,61.9875,5.1352,11/15/21,            9.55,84,100,9.01
6145890,Shelburne,CA,44.0787,-80.2041,11/15/21,            3.15,80,52,6.02
1489401,Toora-Khem,RU,52.4675,96.11,11/15/21,            -4.6,96,100,1.22
561347,Glazov,RU,58.1394,52.6584,11/15/21,            -9.14,96,70,2.23
2460954,Araouane,ML,18.9048,-3.5265,11/15/21,            28.6,21,76,4.6
5850554,Makakilo City,US,21.3469,-158.0858,11/15/21,            24.23,74,75,1.54
2446796,Bilma,NE,18.6853,12.9164,11/15/21,            27.68,15,96,1.7
2036973,Heihe,CN,50.2441,127.4902,11/15/21,            -8.68,87,39,1.81
899274,Samfya,ZM,-11.3649,29.5565,11/15/21,            23.92,58,84,7.12
1637001,Luwuk,ID,-0.9516,122.7875,11/15/21,            25.46,87,98,0.62
2647984,Great Yarmouth,GB,52.6083,1.7305,11/15/21,            10.69,85,29,1.77
3625066,Zaraza,VE,9.3503,-65.3245,11/15/21,            36.5,27,13,3.13
3628473,San Cristobal,VE,7.7669,-72.225,11/15/21,            25.1,49,62,2.33
2057087,Kupang,ID,-10.1667,123.5833,11/15/21,            26.5,77,100,1.05
2122605,Okhotsk,RU,59.3833,143.3,11/15/21,            -8.11,89,99,5.87
3470338,Bataiporã,BR,-22.2953,-53.2711,11/15/21,            30.33,47,100,3.42
1651810,Airai,TL,-8.9266,125.4092,11/15/21,            15.86,87,100,0.77
3149577,Kolvereid,NO,64.8655,11.6047,11/15/21,            7.57,89,99,8.17
2082539,Merauke,ID,-8.4667,140.3333,11/15/21,            25.19,91,100,2.69
3671437,Caucayá,CO,-0.1934,-74.7819,11/15/21,            31.76,52,64,2
2447513,Arlit,NE,18.7369,7.3853,11/15/21,            29,18,11,4.82
4169345,Princeton,US,25.5384,-80.4089,11/15/21,            25.57,58,1,4.63
2079582,Alyangula,AU,-13.8483,136.4192,11/15/21,            26.73,50,100,3.95
1106643,Quatre Cocos,MU,-20.2078,57.7625,11/15/21,            24.06,69,19,3.24
3141310,Rørvik,NO,64.8621,11.2373,11/15/21,            8.06,100,75,6.17
610416,Batamshinskiy,KZ,50.5594,58.2747,11/15/21,            -11.01,95,100,4.29
3464363,Edéia,BR,-17.3383,-49.9314,11/15/21,            28.54,51,87,2.86
2065176,Murray Bridge,AU,-35.1167,139.2667,11/15/21,            12.86,70,53,2.03
1655140,Pakxan,LA,18.3778,103.6601,11/15/21,            21.94,78,81,1.97
2031405,Erdenet,MN,49.0333,104.0833,11/15/21,            -2.46,48,100,1.2
1651591,Amahai,ID,-3.3333,128.9167,11/15/21,            25.35,87,100,1.01
3943626,Chivay,PE,-15.6383,-71.6011,11/15/21,            18.92,23,79,6.21
538138,Kuvandyk,RU,51.4781,57.3552,11/15/21,            -7.92,92,100,4
2641181,Norwich,GB,52.6278,1.2983,11/15/21,            11.1,85,75,0.51
1714733,Dingle,PH,10.9995,122.6711,11/15/21,            24.08,93,91,3
2264557,Ponta do Sol,PT,32.6667,-17.1,11/15/21,            21.11,68,70,1.81
5404476,Ukiah,US,39.1502,-123.2078,11/15/21,            20.58,90,75,0
60019,Eyl,SO,7.9803,49.8164,11/15/21,            26,67,99,6.09
5690366,Mandan,US,46.8267,-100.8896,11/15/21,            9.46,78,20,3.6
2331140,Makurdi,NG,7.7411,8.5121,11/15/21,            30.26,44,23,1.67
57000,Hobyo,SO,5.3505,48.5268,11/15/21,            26.86,67,94,5.01
235826,Zemio,CF,5.0314,25.1361,11/15/21,            22.82,88,69,1.22
2121197,Sinegor'ye,RU,62.0788,150.477,11/15/21,            -18.34,100,98,0.67
3936456,Lima,PE,-12.0432,-77.0282,11/15/21,            20.08,68,90,2.57
3461370,Imbituba,BR,-28.24,-48.6703,11/15/21,            25.94,67,96,9.72
4944903,Nantucket,US,41.2835,-70.0995,11/15/21,            11.25,60,90,5.66
5769288,Spearfish,US,44.4908,-103.8594,11/15/21,            20.15,18,1,2.24
3899695,Ancud,CL,-41.8697,-73.8203,11/15/21,            12.74,70,38,5.1
1538648,Toktogul,KG,41.8708,72.9402,11/15/21,            1.16,63,41,2.16
2112656,Ichinoseki,JP,38.9167,141.1333,11/15/21,            6.06,85,92,1.44
5955902,Fort Nelson,CA,58.8053,-122.7002,11/15/21,            -11.23,92,90,1.03
3395483,Maracanã,BR,-0.7667,-47.45,11/15/21,            30.47,61,29,2.63
4021858,Guerrero Negro,MX,27.9769,-114.0611,11/15/21,            28.05,26,0,0.89
1226260,Trincomalee,LK,8.5711,81.2335,11/15/21,            26.58,78,66,7.37
3386213,Touros,BR,-5.1989,-35.4608,11/15/21,            30.5,66,100,7.09
6089245,Norman Wells,CA,65.282,-126.8329,11/15/21,            -13.87,95,100,1.72
2381334,Atar,MR,20.5169,-13.0499,11/15/21,            32.41,22,72,2.27
3450144,Santa Luzia,BR,-19.7697,-43.8514,11/15/21,            29.08,49,40,4.12
3419842,Sisimiut,GL,66.9395,-53.6735,11/15/21,            -5.41,81,100,5.88
2174444,Bowen,AU,-20.0167,148.2333,11/15/21,            24.89,78,25,4.61
2125693,Evensk,RU,61.95,159.2333,11/15/21,            -4.26,84,95,6.06
1528998,Yumen,CN,40.2833,97.2,11/15/21,            -0.93,34,23,5.74
1244926,Hambantota,LK,6.1241,81.1185,11/15/21,            26.38,83,81,6.68
3372472,Vila Franca do Campo,PT,37.7167,-25.4333,11/15/21,            21.78,84,41,5.33
2027316,Ayan,RU,56.45,138.1667,11/15/21,            -11.85,68,87,7.18
1174451,Keti Bandar,PK,24.1447,67.4497,11/15/21,            25.21,36,0,1.4
2311968,Nioki,CD,-2.7167,17.6833,11/15/21,            24.97,76,93,0.37
3860443,Comodoro Rivadavia,AR,-45.8667,-67.5,11/15/21,            12.92,24,40,4.63
5866063,Kenai,US,60.5544,-151.2583,11/15/21,            -19.97,84,20,0
532600,Lyubim,RU,58.3625,40.6843,11/15/21,            -3.4,85,91,2.55
2173911,Broken Hill,AU,-31.95,141.4333,11/15/21,            11.28,68,2,4.21
2173125,Burnie,AU,-41.0667,145.9167,11/15/21,            6.07,80,24,3.53
1277330,Banganapalle,IN,15.3167,78.2333,11/15/21,            23.56,94,88,2.39
2538474,Rabat,MA,33.9911,-6.8401,11/15/21,            17.8,97,20,0
1067565,Beloha,MG,-25.1667,45.05,11/15/21,            21.29,75,0,4.37
2429344,Kyabé,TD,9.4515,18.9449,11/15/21,            29.69,25,4,1.19
1262330,Muzaffarpur,IN,26.1167,85.4,11/15/21,            14.96,49,0,2.1
1529651,Altay,CN,47.8667,88.1167,11/15/21,            -3.88,89,100,0.64
962367,Richards Bay,ZA,-28.783,32.0377,11/15/21,            23.32,86,71,5.34
2460546,Banamba,ML,13.55,-7.45,11/15/21,            30.59,17,34,3.31
5150651,Clyde,US,41.3042,-82.9752,11/15/21,            4.95,66,37,6.64
1510689,Baykit,RU,61.67,96.37,11/15/21,            -12.79,99,99,0.32
2177069,Ballina,AU,-28.8667,153.5667,11/15/21,            14.97,68,73,3.36
1496073,Orlik,RU,52.5178,99.825,11/15/21,            -10.33,86,65,0.61
3932145,Pisco,PE,-13.7,-76.2167,11/15/21,            21.03,73,0,4.12
655808,Joensuu,FI,62.6012,29.7632,11/15/21,            1.82,88,90,4.63
2015306,Tiksi,RU,71.6872,128.8694,11/15/21,            -25.14,97,75,3.14
3372783,Ponta Delgada,PT,37.7333,-25.6667,11/15/21,            21.95,77,20,6.17
602150,Umeå,SE,63.8284,20.2597,11/15/21,            1.62,86,0,2.57
214614,Kamina,CD,-8.7386,24.9906,11/15/21,            18.37,97,87,1.68
594739,Šiauliai,LT,55.9333,23.3167,11/15/21,            0.01,93,90,4.63
2511174,Santa Cruz de Tenerife,ES,28.4682,-16.2546,11/15/21,            23.11,78,40,2.24
3835869,Santiago del Estero,AR,-27.7951,-64.2615,11/15/21,            29.57,50,78,2.94
1842966,Gijang,KR,35.2442,129.2139,11/15/21,            6.85,55,32,1.58
1502697,Kondinskoye,RU,59.6481,67.41,11/15/21,            -7.85,91,100,4.83
2291666,Biankouma,CI,7.7391,-7.6138,11/15/21,            24.35,77,32,0.41
5364271,Laguna,US,38.421,-121.4238,11/15/21,            21.74,95,90,0.45
158321,Karema,TZ,-6.8205,30.4389,11/15/21,            25.5,61,27,2.34
6541905,Nola,IT,40.922,14.5329,11/15/21,            16.32,76,100,3.35
898905,Sesheke,ZM,-17.4759,24.2968,11/15/21,            28.63,32,99,4.15
5935341,Dauphin,CA,51.1494,-100.0502,11/15/21,            -2.92,100,90,2.57
1295765,Sittwe,MM,20.15,92.9,11/15/21,            25.62,83,97,2.47
1254133,Tuensang,IN,26.2833,94.8333,11/15/21,            13.28,91,2,1.39
157045,Kirya,TZ,-3.9167,37.4833,11/15/21,            25.78,56,69,4.83
1632694,Pangkalanbuun,ID,-2.6833,111.6167,11/15/21,            23.24,98,100,0.61
3012319,Joigny,FR,47.9829,3.401,11/15/21,            8.01,86,100,3.34
2399001,Mayumba,GA,-3.432,10.6554,11/15/21,            25.74,88,98,2.89
5307540,Oro Valley,US,32.3909,-110.9665,11/15/21,            29.23,18,0,0.45
2194098,Ahipara,NZ,-35.1667,173.1667,11/15/21,            16.44,90,8,4.21
1006984,East London,ZA,-33.0153,27.9116,11/15/21,            24.52,57,0,2.57
1850523,Tateyama,JP,34.9833,139.8667,11/15/21,            14.5,64,35,0.86
1491977,Shumskiy,RU,54.8318,99.1328,11/15/21,            -4.49,95,91,0.59
2016907,Severomuysk,RU,56.1481,113.4267,11/15/21,            -13.39,95,94,1.01
1708191,La Curva,PH,12.4048,121.0459,11/15/21,            26.27,76,79,3.57
5530022,San Angelo,US,31.4638,-100.437,11/15/21,            28.13,35,1,1.79
72181,Marzuq,YE,14.4,46.4667,11/15/21,            21.09,37,6,0.73
5924351,Clyde River,CA,70.4692,-68.5914,11/15/21,            -15.67,78,100,1.74
3452712,Porto Murtinho,BR,-21.6989,-57.8825,11/15/21,            31.6,59,95,1.32
3547867,Manzanillo,CU,20.3433,-77.1167,11/15/21,            31.62,51,35,4.05
2071860,Esperance,AU,-33.8667,121.9,11/15/21,            19.31,48,87,8.72
1688696,San Policarpo,PH,12.1791,125.5072,11/15/21,            26.96,85,100,5.8
1090415,Chirongui,YT,-12.9319,45.1483,11/15/21,            26.96,74,0,3.46
236844,Ouango,CF,4.3133,22.5552,11/15/21,            22.24,96,98,0.64
315367,Erzurum Province,TR,40,41.5,11/15/21,            0.82,43,76,1.77
1498283,Mugur-Aksy,RU,50.35,90.5,11/15/21,            -12.13,60,59,6.5
293842,Kiryat Gat,IL,31.61,34.7642,11/15/21,            21.01,50,1,2.23
2629833,Husavik,IS,66.0449,-17.3389,11/15/21,            3.95,81,55,7
3836873,San Miguel de Tucumán,AR,-26.8241,-65.2226,11/15/21,            31,42,7,3.09
2030065,Mandalgovi,MN,45.7625,106.2708,11/15/21,            -6.04,64,13,2.94
1715015,Dicabisagan,PH,17.0818,122.4157,11/15/21,            25.41,91,88,3.36
2346995,Biu,NG,10.6129,12.1946,11/15/21,            26.71,22,77,1.87
7671223,Kloulklubed,PW,7.0419,134.2556,11/15/21,            25.28,72,100,3.4
3143830,Odda,NO,60.0691,6.5457,11/15/21,            9.87,100,100,2.77
3451138,Rio Grande,BR,-32.035,-52.0986,11/15/21,            29.06,77,82,5.71
4255151,Bud,US,39.447,-86.1758,11/15/21,            4.27,68,95,3.57
3691954,Sechura,PE,-5.5569,-80.8222,11/15/21,            24.8,54,37,6.21
2630299,Hofn,IS,64.2539,-15.2082,11/15/21,            6.01,70,20,12.35
364027,Wagar,SD,16.1525,36.2032,11/15/21,            31.31,19,0,4.11
2145554,Ulladulla,AU,-35.35,150.4667,11/15/21,            5.98,76,14,2.85
3939761,Hualmay,PE,-11.0964,-77.6139,11/15/21,            20.67,71,66,4.75
3671450,Inírida,CO,3.8653,-67.9239,11/15/21,            33.17,53,82,1.16
1502750,Kommunisticheskiy,RU,61.6789,64.4819,11/15/21,            -9.59,90,59,3.8
1718234,Caruray,PH,10.3094,119.0128,11/15/21,            26.24,86,92,2.3
752584,Akçakoca,TR,41.0866,31.1162,11/15/21,            10.95,88,41,3.11
174448,Abu Kamal,SY,34.4506,40.9171,11/15/21,            18.49,42,100,1.02
3128174,Bermeo,ES,43.4209,-2.7215,11/15/21,            13.41,76,53,3.81
1485634,Yuzhnoural'sk,RU,54.4418,61.2536,11/15/21,            -11.82,89,94,2.04
6144312,Sept-Îles,CA,50.2001,-66.3821,11/15/21,            3.36,95,100,2.24
1735799,Sri Aman,MY,1.2376,111.4621,11/15/21,            25.03,94,100,0
2255542,Owando,CG,-0.4819,15.8999,11/15/21,            23.97,86,98,1.14
4164601,Miramar,US,25.9873,-80.2323,11/15/21,            25.57,61,1,4.63
964090,Prieska,ZA,-29.6641,22.7474,11/15/21,            32.08,11,4,3.81
2638534,Sandwick,GB,60,-1.25,11/15/21,            9.9,76,75,8.75
2350249,Amaigbo,NG,5.7892,7.8383,11/15/21,            27.55,70,78,1.2
5671996,Polson,US,47.6936,-114.1632,11/15/21,            15.06,45,100,0.45
2373951,Canchungo,GW,12.0672,-16.0333,11/15/21,            33.07,53,69,3.01
2514301,Mahon,ES,39.8885,4.2658,11/15/21,            14.31,82,75,12.35
3870243,Taltal,CL,-25.4,-70.4833,11/15/21,            18.36,68,8,3.71
64814,Bandarbeyla,SO,9.4942,50.8122,11/15/21,            25.9,69,96,5.05
1282898,Pokhara,NP,28.2333,83.9833,11/15/21,            13.76,59,3,2.13
2063042,Port Hedland,AU,-20.3167,118.5667,11/15/21,            24.03,73,39,4.12
3531368,Celestún,MX,20.8667,-90.4,11/15/21,            26.51,55,1,5.87
3670218,San Andrés,CO,12.5847,-81.7006,11/15/21,            30.01,74,20,6.17
2276492,Harper,LR,4.375,-7.7169,11/15/21,            26.99,80,42,2.69
1786855,Yatou,CN,37.15,122.3833,11/15/21,            8.31,70,36,2.2
889942,Hwange,ZW,-18.3693,26.5019,11/15/21,            26.16,47,70,2.05
1486321,Yar-Sale,RU,66.8333,70.8333,11/15/21,            -15.3,88,93,3.81
2817202,Vilshofen,DE,48.6333,13.1833,11/15/21,            6.88,87,10,2.14
1540711,Muravlenko,RU,63.7898,74.523,11/15/21,            -13.43,95,100,5.02
2025256,Chumikan,RU,54.7183,135.315,11/15/21,            -11.72,79,57,9.85
1505933,Ilanskiy,RU,56.2358,96.065,11/15/21,            -4.79,98,84,1.11
2017842,Pokosnoye,RU,55.5258,101.0536,11/15/21,            -3.13,96,78,1.14
2655288,Boddam,GB,57.4667,-1.7833,11/15/21,            7.84,92,83,3.56
3032556,Biscarrosse,FR,44.3945,-1.1672,11/15/21,            11.47,76,90,1.54
2132606,Samarai,PG,-10.6167,150.6667,11/15/21,            28.05,81,97,4.87
4696233,Harlingen,US,26.1906,-97.6961,11/15/21,            29.38,49,75,5.14
5961417,Gimli,CA,50.6336,-96.9907,11/15/21,            -2.54,86,85,5.66
1529102,Ürümqi,CN,43.801,87.6005,11/15/21,            0.53,87,0,1
2014927,Tulun,RU,54.5611,100.5792,11/15/21,            -6.17,93,82,0.38
5859699,College,US,64.8569,-147.8028,11/15/21,            -17.66,73,90,0
102527,Sakakah,SA,29.9697,40.2064,11/15/21,            14.76,33,30,3.16
565885,Dno,RU,57.8277,29.9637,11/15/21,            -1.72,78,89,2.39
1786455,Yishui,CN,35.7847,118.6281,11/15/21,            7.74,62,1,1.95
3430988,Luján,AR,-34.5703,-59.105,11/15/21,            30.57,57,1,1.79
2094342,Kavieng,PG,-2.5744,150.7967,11/15/21,            27.64,78,97,4.65
6255012,Flinders,AU,-34.5833,150.8552,11/15/21,            12.67,78,1,0.45
4362001,Mayo,US,38.8876,-76.5119,11/15/21,            11.42,51,40,4.47
3468720,Buritizeiro,BR,-17.3511,-44.9622,11/15/21,            27.27,50,85,2.8
1052373,Beira,MZ,-19.8436,34.8389,11/15/21,            26.05,83,0,5.14
2093691,Kokoda,PG,-8.8785,147.7407,11/15/21,            22.87,90,89,0.68
1517637,Ushtobe,KZ,45.2514,77.9838,11/15/21,            1.77,63,99,2.96
189280,Lodwar,KE,3.1191,35.5973,11/15/21,            30.76,37,98,11.07
2108502,Honiara,SB,-9.4333,159.95,11/15/21,            25.47,80,99,2.11
3421982,Maniitsoq,GL,65.4167,-52.9,11/15/21,            -9.98,78,97,3.11
1079048,Ambovombe,MG,-25.1667,46.0833,11/15/21,            21.85,76,10,5.5
2014624,Udachny,RU,66.4167,112.4,11/15/21,            -21.32,99,98,1
3388456,São José da Coroa Grande,BR,-8.8978,-35.1478,11/15/21,            28.42,64,51,4.67
576093,Blagoyevo,RU,63.3667,47.9167,11/15/21,            -4.58,84,100,4.55
3356832,Henties Bay,NA,-22.116,14.2845,11/15/21,            17.7,86,83,1.94
2013375,Vitim,RU,59.4511,112.5578,11/15/21,            -2.91,97,100,2.35
1629965,Tanete,ID,-3.9443,119.7848,11/15/21,            23.37,99,100,1.18
2381972,Adrar,MR,20.5022,-10.0711,11/15/21,            27.24,25,42,4.04
2021041,Kyra,RU,49.5776,111.9753,11/15/21,            -3.7,54,91,1.02
5972291,Havre-St-Pierre,CA,50.2334,-63.5986,11/15/21,            5,100,90,3.09
472722,Volkhov,RU,59.9258,32.3382,11/15/21,            -0.83,71,97,4.32
1328421,Pathein,MM,16.7833,94.7333,11/15/21,            23.88,87,41,1.03
3466980,Caravelas,BR,-17.7125,-39.2481,11/15/21,            24.84,59,81,4.38
3468014,Camaquã,BR,-30.8511,-51.8122,11/15/21,            28.88,43,60,4.31
2377457,Nouadhibou,MR,20.931,-17.0347,11/15/21,            22.99,60,100,4.63
3665913,Villa del Rosario,CO,7.8339,-72.4742,11/15/21,            28.21,70,40,6.17
1717550,Cayhagan,PH,9.6697,122.4256,11/15/21,            25.62,85,95,2.86
1280037,Shache,CN,38.4167,77.2406,11/15/21,            5.45,28,0,2.5
4513583,Hamilton,US,39.1834,-84.5333,11/15/21,            6.73,61,1,0.45
2287790,Issia,CI,6.4922,-6.5856,11/15/21,            26.74,74,77,0.25
2389804,Baoro,CF,5.6667,15.9667,11/15/21,            23.45,79,96,0.9
3347762,Lubango,AO,-14.9172,13.4925,11/15/21,            16.28,87,100,1.2
3695466,La Unión,PE,-5.4,-80.75,11/15/21,            28.51,38,41,5.74
1806408,Yangjiang,CN,21.85,111.9667,11/15/21,            18.76,77,51,2.71
5887798,Assiniboia,CA,49.6334,-105.9845,11/15/21,            6.95,93,100,1.54
5746545,Portland,US,45.5234,-122.6762,11/15/21,            17.01,80,90,4.02
4328254,Iberia,US,29.9502,-91.7507,11/15/21,            24.43,56,90,1.54
86049,Jalu,LY,29.0331,21.5482,11/15/21,            24.24,31,99,3.2
5742974,North Bend,US,43.4065,-124.2243,11/15/21,            16.59,93,90,7.72
2027968,Aldan,RU,58.6031,125.3894,11/15/21,            -16.18,95,85,2.46
3347019,Mossamedes,AO,-15.1961,12.1522,11/15/21,            23.15,83,95,3.37
2022317,Khor,RU,47.8861,134.9464,11/15/21,            -8.67,86,69,4.48
